Trait,Coef,Marker,Chrom,Pos,cM,MAF,alpha,q_value,R_sqr_snp,AB,BA,MT,N2,WA
GrainYield,Non-Linear Stability,S2_15038268,2,15038268,18.39565,0.051428571428570935,0.30952994264285033,1.1179239023755593e-5,0.10955091488424464,1,1,1,0.9081632653061225,1
GrainYield,Non-Linear Stability,S3_12974347,3,12974347,5.376515,0.05714285714285705,0.27082369848400845,3.671165706113681e-5,0.10153707376797436,1,1,1,0.8979591836734694,1
GrainYield,Non-Linear Stability,S3_623133437,3,623133437,88.72008,0.15827338129496282,-0.16507845641657098,3.671165706113681e-5,0.09908237601002874,0.7307692307692307,1,0.7105263157894737,1,0.46153846153846156
GrainYield,Non-Linear Stability,S5_604363178,5,604363178,107.6227,0.14571428571428457,-0.1917264956445536,1.374885770150544e-5,0.10762516550967194,0.9358974358974359,0,0.7894736842105263,0.9438775510204082,0.5
HeadingDate,Genotype Mean,12_10938,1,348204358,44.59,0.011111111111111738,2.7611941050953073,3.2933760825697714e-4,0.05211691106084733,1,1,1,0.9795918367346939,1
HeadingDate,Genotype Mean,11_21384,1,551383264,138.86,0.11111111111111198,1.1708215384658975,8.41467133156141e-4,0.010883426456640873,0,0,0,0.1989795918367347,0.038461538461538464
HeadingDate,Genotype Mean,S1_556832309,1,556832309,131.5184,0.2483221476510058,0.7884858933239026,0.0033321408061409447,0.2668814156121973,0.9615384615384616,1,0.8947368421052632,0.576530612244898,0.9615384615384616
HeadingDate,Genotype Mean,12_31524,4,29429150,41.55,0.027777777777776794,-2.698295945905256,3.823799398883364e-6,0.09792828769764965,0,0,0,0.05102040816326531,0
HeadingDate,Genotype Mean,12_10228,5,589901337,121.67,0.013888888888888729,3.107102619728221,9.792036797239242e-5,0.06687717090526128,1,1,1,0.9744897959183674,1
HeadingDate,Genotype Mean,S5_612356208,5,612356208,109.5458,0.011428571428571566,2.770794879796433,5.841200155511043e-4,0.0390434609402597,1,1,1,0.9795918367346939,1
HeadingDate,Genotype Mean,12_30181,7,66021760,51.23,0.016666666666666385,3.65078499576916,8.681770124328773e-7,0.07707792086893535,1,1,1,0.9693877551020408,1
HeadingDate,Genotype Mean,S7_122543151,7,122543151,120.4957,0.35755813953488347,0.9637874918036261,1.3700636613471164e-4,0.2791188082849783,0.8461538461538461,1,0.9736842105263158,0.44387755102040816,0.8269230769230769
HeadingDate,Linear Stability,12_10235,1,80265534,40.4,0.050000000000001515,-0.05283991220255148,1.058042526475855e-4,0.1195488307123604,0.07692307692307693,0,0.02631578947368421,0.05102040816326531,0.019230769230769232
HeadingDate,Linear Stability,12_31153,3,518358328,80.49,0.34166666666666823,-0.030848610620825282,3.584799876439803e-5,0.0837189746447006,0.44871794871794873,0,0.3684210526315789,0.826530612244898,0.5769230769230769
HeadingDate,Linear Stability,S3_655324895,3,655324895,164.8252,0.15337423312883433,0.030350227193781592,0.0021716220319257327,0.08164181584839998,0.14102564102564102,0,0.3684210526315789,0.03571428571428571,0.4807692307692308
HeadingDate,Linear Stability,S3_681284333,3,681284333,220.5034,0.1478873239436617,0.019952975284247734,0.03932101311297637,0.08901599072056317,0.038461538461538464,1,0.4473684210526316,0.0663265306122449,0.3076923076923077
HeadingDate,Linear Stability,S4_567761558,4,567761558,129.9828,0.03273809523809486,-0.06114094638975496,0.0019985816148056753,0.13629603758102515,0,0,0.05263157894736842,0.05612244897959184,0
HeadingDate,Linear Stability,S4_595003318,4,595003318,141.4569,0.209770114942529,-0.018530170168980963,0.026941194328138626,0.1434365877125235,0.2948717948717949,1,0.15789473684210525,0.19387755102040816,0.15384615384615385
HeadingDate,Linear Stability,S4_595349973,4,595349973,141.6215,0.05917159763313573,0.042915370597364194,0.010779954362318447,0.16511414614799008,0.9743589743589743,1,1,0.9030612244897959,1
HeadingDate,Linear Stability,S5_603087526,5,603087526,107.4984,0.0599999999999995,0.09056341370471506,3.268389773378128e-11,0.2748303218859055,1,1,1,0.8877551020408163,1
HeadingDate,Non-Linear Stability,S2_100387796,2,100387796,46.10831,0.03714285714285719,0.3993280738519897,3.218125465693041e-5,0.08466088411404397,0.038461538461538464,0,0,0.00510204081632653,0.17307692307692307
HeadingDate,Non-Linear Stability,S3_23379487,3,23379487,13.45882,0.08333333333333326,0.5296702238697139,3.2169501464981135e-5,0.08680003453612971,0.9615384615384616,1,0.9473684210526315,0.9744897959183674,0.9230769230769231
HeadingDate,Non-Linear Stability,S5_605410499,5,605410499,107.7533,0.14285714285714268,0.25150649798054625,1.4951363119817875e-5,0.06807651474858227,0.9615384615384616,1,0.8947368421052632,0.9438775510204082,0.34615384615384615
HeadingDate,Non-Linear Stability,S7_11074923,7,11074923,3.629201,0.05780346820809301,-0.43707314669367175,8.885858014141806e-9,0.1227847015308565,0.7692307692307693,1,0.9473684210526315,1,1
HeadingDate,Non-Linear Stability,11_20357,7,53821092,48.06,0.03333333333333366,-0.42307940996630067,7.331677519703528e-7,0.09405045369646033,0.9743589743589743,1,1,0.9591836734693877,0.9615384615384616
PlantHeight,Genotype Mean,11_20371,1,13581567,17.4,0.00555555555555598,6.803116104993213,9.263034303196013e-6,0.0727120398735216,1,1,1,0.9897959183673469,1
PlantHeight,Genotype Mean,S5_655260441,5,655260441,143.3365,0.03428571428571414,-3.7607548425528248,3.489323300549118e-8,0.08424273485809317,0.9230769230769231,1,0.9473684210526315,0.9795918367346939,1
PlantHeight,Genotype Mean,S6_12317848,6,12317848,19.34173,0.051428571428571934,2.1575538014844327,1.0436751618703807e-4,0.10368974375904715,1,1,1,0.9081632653061225,1
PlantHeight,Genotype Mean,S6_530734860,6,530734860,186.3767,0.10248447204969037,2.0253451263020157,1.4808846192206186e-5,0.12818257404281022,0,0,0,0.17346938775510204,0.019230769230769232
PlantHeight,Genotype Mean,12_30344,7,180474019,77.02,0.00555555555555598,6.618627042688374,1.3823823236517566e-5,0.07271203987352162,1,1,1,0.9897959183673469,1
PlantHeight,Genotype Mean,S7_619972145,7,619972145,183.0702,0.16358024691358009,1.6101201160642988,9.584911158827278e-5,0.038237450859569526,0.6666666666666666,0,0.7894736842105263,1,0.5961538461538461
PlantHeight,Linear Stability,S2_699325131,2,699325131,123.8186,0.1264367816091958,0.019932843120388802,0.023663827077839966,0.11911999650573724,0.9102564102564102,1,0.8947368421052632,0.8469387755102041,0.9230769230769231
PlantHeight,Linear Stability,S2_758851189,2,758851189,158.8301,0.011494252873563315,0.12482732138717355,4.330850587492592e-6,0.1148517048212309,1,1,0.9473684210526315,1,0.9615384615384616
PlantHeight,Linear Stability,S3_512678197,3,512678197,57.57478,0.00581395348837177,0.15303268089158678,3.954624739363929e-5,0.070536571183921,1,1,0.9473684210526315,1,1
PlantHeight,Linear Stability,S4_616160615,4,616160615,161.0146,0.011764705882352566,0.14393209858265116,2.44206032626703e-8,0.11126960603140809,1,1,0.9473684210526315,1,0.9423076923076923
PlantHeight,Linear Stability,S5_267864779,5,267864779,35.38219,0.02439024390243837,-0.06704584238233816,6.972011517984485e-4,0.09100016428031708,0,0,0.02631578947368421,0.02040816326530612,0.07692307692307693
PlantHeight,Linear Stability,S5_349704610,5,349704610,35.38219,0.005747126436781264,-0.13824030879807206,2.4002027075229496e-4,0.07261887217499778,0,0,0.05263157894736842,0,0
PlantHeight,Linear Stability,S6_9644235,6,9644235,15.42114,0.018072289156626398,0.12262727934683842,5.2219071458888323e-8,0.12972970656798263,1,1,0.9473684210526315,0.9897959183673469,0.9615384615384616
PlantHeight,Linear Stability,S7_6294406,7,6294406,1.479167,0.4440993788819877,-0.018410716918701334,0.0034075175205585586,0.12452906491305626,0.3974358974358974,0,0.631578947368421,0.6377551020408163,0.4423076923076923
PlantHeight,Linear Stability,S7_37357536,7,37357536,93.77902,0.33630952380952245,0.020081979174011364,0.0034075175205585586,0.14213107478463421,0.6153846153846154,1,0.07894736842105263,0.32653061224489793,0.1346153846153846
PlantHeight,Linear Stability,S7_60710909,7,60710909,109.3021,0.4531250000000005,-0.016146049244586156,0.015086836812019363,0.15701654252866185,0.16666666666666666,0,0.4473684210526316,0.6173469387755102,0.3076923076923077
PlantHeight,Linear Stability,S7_591511292,7,591511292,172.1845,0.005847953216374102,0.15904686320060216,5.387281178360765e-6,0.07205471508146526,1,1,0.9473684210526315,1,1
